date,count_title,average_title,count_body,average_body
2021-01-28,1192,-0.007050838926174494,684,0.04907295321637427
2021-01-29,15653,-0.01441125023957069,9034,0.005163759132167367
2021-01-30,1422,0.03690232067510548,648,0.249954475308642
2021-01-31,937,0.039319210245464246,426,0.2412737089201878
2021-02-01,880,0.03755306818181818,319,0.37984921630094043
2021-02-02,1488,0.028819220430107532,351,0.22008689458689457
2021-02-03,2626,0.03151968773800457,675,0.23204074074074074
2021-02-04,1665,0.049774594594594594,858,0.189706993006993
2021-02-05,2585,0.03002131528046422,1659,0.1275877034358047
2021-02-06,2781,0.03143685724559511,1496,0.15106229946524063
2021-02-07,510,0.0860356862745098,212,0.43679952830188684
2021-02-08,284,0.09952711267605634,127,0.3466543307086614
2021-02-09,148,0.085225,110,0.4156490909090909
2021-02-10,222,0.018625225225225226,164,0.4051091463414634
2021-02-11,168,0.07488035714285715,125,0.5820704000000001
2021-02-12,179,0.06186703910614524,143,0.4391818181818182
2021-02-13,181,0.06109668508287293,137,0.38687080291970805
2021-02-14,127,0.08304488188976379,112,0.5567044642857143
2021-02-15,65,0.09894923076923078,53,0.7616377358490565
2021-02-16,90,0.14274777777777778,68,0.5936529411764707
2021-02-17,171,0.08063859649122807,88,0.5312874999999999
2021-02-18,245,0.07052408163265307,82,0.596420731707317
2021-02-19,346,0.08084971098265896,108,0.409163888888889
2021-02-20,246,0.06776707317073169,77,0.5260571428571429
2021-02-21,160,0.067558125,59,0.542057627118644
2021-02-22,139,0.05944532374100721,50,0.4799999999999999
2021-02-23,267,0.07594194756554307,83,0.4955530120481928
2021-02-24,240,0.06555875000000001,75,0.5422453333333334
2021-02-25,542,0.07746457564575646,117,0.3889521367521367
2021-02-26,561,0.0986524064171123,141,0.4679234042553192
2021-02-27,296,0.06634256756756757,87,0.631780459770115
2021-02-28,147,0.07951904761904761,63,0.3082809523809524
2021-03-01,133,0.08992406015037595,72,0.5936083333333334
2021-03-02,358,0.10223100558659218,114,0.5131078947368422
2021-03-03,589,0.13069405772495757,165,0.46481454545454537
2021-03-04,474,0.07293037974683544,204,0.5830034313725491
2021-03-05,427,0.05852833723653396,162,0.48107901234567907
2021-03-06,409,0.04347163814180929,134,0.5767641791044776
2021-03-07,149,0.07675973154362417,82,0.5882024390243902
2021-03-08,125,0.0573032,61,0.610560655737705
2021-03-09,351,0.11600968660968661,90,0.516121111111111
2021-03-10,580,0.14468241379310345,129,0.49219069767441864
2021-03-11,550,0.0973830909090909,168,0.3566845238095238
2021-03-12,312,0.09492820512820513,104,0.5535711538461539
2021-03-13,254,0.11231929133858269,61,0.3104016393442624
2021-03-14,155,0.16342193548387096,48,0.6010541666666667
2021-03-15,93,0.07039247311827956,54,0.7225777777777778
2021-03-16,234,0.1125017094017094,77,0.489690909090909
2021-03-17,233,0.11317982832618026,88,0.523959090909091
2021-03-18,214,0.12632943925233645,74,0.5711635135135136
2021-03-19,218,0.06377844036697249,69,0.42175797101449275
2021-03-20,144,0.05680902777777779,40,0.59091
2021-03-21,49,0.05894285714285715,30,0.6078333333333332
2021-03-22,59,0.07124406779661019,28,0.7634
2021-03-23,113,0.12976637168141594,40,0.64381
2021-03-24,143,0.09046013986013987,47,0.6805382978723403
2021-03-25,269,0.07020520446096656,55,0.5354763636363636
2021-03-26,185,0.06781027027027027,39,0.45799487179487186
2021-03-27,139,0.08932661870503597,43,0.42928372093023265
2021-03-28,48,0.14510208333333333,20,0.547945
2021-03-29,66,0.09168333333333334,33,0.7915242424242424
2021-03-30,101,0.07055841584158415,34,0.5691882352941177
2021-03-31,84,0.057342857142857154,28,0.5513642857142856
2021-04-01,138,0.11016666666666669,51,0.6182862745098039
2021-04-02,84,0.10881071428571429,28,0.5807214285714286
2021-04-03,37,0.12424864864864865,11,0.6316272727272727
2021-04-04,6,0.19996666666666665,4,0.737325
2021-04-05,38,0.2545105263157895,21,0.7879380952380953
2021-04-06,78,0.1403769230769231,25,0.67452
2021-04-07,66,0.13086060606060604,23,0.6475521739130435
2021-04-08,71,0.1224732394366197,22,0.7068045454545455
2021-04-09,107,0.10345420560747662,37,0.5867378378378378
2021-04-10,82,0.13884146341463413,20,0.410245
2021-04-11,28,0.2403928571428571,16,0.7711250000000001
2021-04-12,46,0.13693695652173912,20,0.598875
2021-04-13,105,0.06007142857142857,29,0.6352931034482758
2021-04-14,122,0.1709696721311476,39,0.5598282051282053
2021-04-15,83,0.11554819277108434,24,0.6708708333333333
2021-04-16,79,0.17133164556962022,27,0.6180851851851853
2021-04-17,92,0.13063695652173915,28,0.5776464285714286
2021-04-18,24,0.08157083333333333,12,0.8286666666666666
2021-04-19,23,-0.03295652173913043,17,0.6527647058823529
2021-04-20,67,0.03820597014925374,25,0.5522320000000001
2021-04-21,69,0.11153623188405798,21,0.43781428571428577
2021-04-22,58,0.15895689655172413,13,0.5526076923076924
2021-04-23,46,0.10672608695652173,19,0.9064631578947369
2021-04-24,58,0.14958620689655172,18,0.6316277777777778
2021-04-25,19,0.04433157894736843,8,0.9378000000000001
2021-04-26,25,0.10214000000000001,13,0.6616538461538463
2021-04-27,112,0.16369910714285713,34,0.7064058823529411
2021-04-28,84,0.13896071428571427,31,0.6580161290322584
2021-04-29,93,0.15744408602150536,33,0.6517121212121212
2021-04-30,48,0.09811874999999999,17,0.8684647058823529
2021-05-01,53,0.16972641509433967,12,0.46660000000000007
2021-05-05,42,0.1619142857142857,11,0.8619727272727272
2021-05-06,161,0.07143664596273291,58,0.5977258620689656
2021-05-07,180,0.04026388888888889,71,0.5584211267605635
2021-05-08,125,0.1023136,49,0.5765714285714285
2021-05-09,41,0.07278780487804878,25,0.7575919999999999
2021-05-10,61,0.07995573770491801,29,0.5679310344827586
2021-05-11,119,0.10046806722689074,43,0.5657790697674419
2021-05-12,92,0.09295869565217392,43,0.5201232558139535
2021-05-13,104,0.10573365384615387,48,0.32164791666666664
2021-05-14,114,0.09837017543859651,45,0.5723177777777777
2021-05-15,81,0.11366790123456791,34,0.569
2021-05-16,21,0.13810952380952382,8,0.3151125
2021-05-17,28,-0.0008821428571428539,12,0.6372416666666666
2021-05-18,73,0.09703561643835618,29,0.7802758620689654
2021-05-19,49,0.14771020408163268,22,0.38352272727272735
2021-05-20,71,0.04795211267605634,34,0.5510617647058824
2021-05-21,77,0.08464545454545452,33,0.6548333333333334
2021-05-22,77,0.11909350649350652,26,0.5156115384615385
2021-05-23,46,0.015745652173913053,24,0.4324583333333334
2021-05-24,39,0.007764102564102566,23,0.6044739130434783
2021-05-25,89,0.10360224719101124,32,0.5823093750000001
2021-05-26,91,0.07053076923076923,29,0.3796586206896552
2021-05-27,130,0.15355384615384615,39,0.6656282051282051
2021-05-28,171,0.1410204678362573,39,0.6920307692307693
2021-05-29,54,0.1097462962962963,22,0.6301318181818183
2021-05-30,37,0.06712972972972973,22,0.7443636363636364
2021-05-31,28,0.028510714285714285,19,0.6179157894736843
2021-06-01,34,0.08844705882352942,16,0.63433125
2021-06-10,210,0.15381428571428574,82,0.5743548780487805
2021-06-11,367,0.15210899182561308,124,0.6061508064516128
2021-06-12,230,0.1581321739130435,101,0.5959504950495049
2021-06-13,14,0.13047857142857142,9,0.7188666666666665
2021-06-15,92,0.1883076086956522,42,0.7620666666666667
2021-06-16,194,0.16219123711340205,79,0.7196620253164558
2021-06-17,169,0.1512585798816568,80,0.647275
2021-06-18,172,0.18471569767441862,73,0.7181000000000002
2021-06-19,115,0.12189391304347826,54,0.5130648148148148
2021-06-20,59,0.067235593220339,33,0.4794666666666666
2021-06-21,60,0.051846666666666666,33,0.5472242424242425
2021-06-22,150,0.13406666666666667,75,0.72848
2021-06-23,178,0.1555129213483146,79,0.6216797468354431
2021-06-24,165,0.18353575757575757,80,0.5798675
2021-06-25,134,0.16099104477611936,71,0.6189647887323945
2021-06-26,128,0.08975312499999999,60,0.6173350000000002
2021-06-28,5,0.3202,4,0.9930749999999999
2021-06-29,222,0.15466126126126126,93,0.6471204301075268
2021-06-30,50,0.09032000000000001,25,0.5515239999999999
2021-07-01,150,0.13714600000000002,55,0.5738181818181819
2021-07-02,106,0.1371122641509434,48,0.7271354166666667
2021-07-03,89,0.17645955056179777,36,0.7024916666666667
2021-07-04,41,0.04317560975609756,25,0.37692800000000004
2021-07-05,30,0.14439,19,0.4629894736842105
2021-07-06,88,0.0888375,40,0.55297
2021-07-07,31,0.17752903225806452,17,0.7315705882352941
2021-07-08,92,0.09520326086956521,40,0.46290499999999996
2021-07-09,76,0.10256842105263157,27,0.5255592592592593
2021-07-10,53,0.05714528301886793,21,0.5922523809523809
2021-07-11,30,0.014210000000000004,20,0.6163
2021-07-12,34,0.12448235294117647,22,0.5477409090909091
2021-07-13,76,0.12353815789473686,33,0.6007212121212121
2021-07-14,75,0.07632933333333335,38,0.6488868421052632
2021-07-15,120,0.04248999999999999,55,0.3246945454545455
2021-07-16,83,0.07129638554216867,43,0.6110651162790699
2021-07-17,61,0.052719672131147546,24,0.4739583333333333
2021-07-18,22,-0.019518181818181816,11,-0.05414545454545459
2021-07-19,39,0.07584102564102564,20,0.59484
2021-07-20,63,0.10603492063492062,29,0.37407931034482755
2021-08-02,25,0.047972,12,0.41254166666666664
2021-08-03,55,0.11064545454545453,28,0.675375
2021-08-04,100,0.12442100000000002,33,0.5782848484848484
2021-08-05,95,0.11969052631578947,43,0.6117883720930233
2021-08-06,84,0.13047142857142857,38,0.6644131578947368
2021-08-07,36,0.03175555555555555,12,0.34756666666666675
2021-08-08,39,0.055779487179487185,25,0.739416
2021-08-09,64,0.025940625000000005,28,0.6058857142857142
2021-08-10,54,0.08554814814814815,18,0.5902277777777777
2021-08-11,91,0.13385384615384616,52,0.6350980769230768
2021-08-12,75,0.07415333333333333,35,0.7311885714285714
2021-08-13,64,0.069134375,31,0.6070483870967742
2021-08-14,37,-0.02857837837837839,16,0.45075
2021-08-15,21,0.02048095238095238,17,0.6278705882352941
2021-08-16,11,0.08604545454545455,9,0.7446222222222222
